colname,gain,importance-type,precision
Round,0.5472168663952346,gain,1.0000000290357112
Duration,0.15189187612775684,gain,1.0000000290357112
years,0.07390019989178459,gain,1.0000000290357112
Age,0.06454982786619756,gain,1.0000000290357112
Location,0.03835071488585714,gain,1.0000000290357112
Share_Ratio,0.03780430722580001,gain,1.0000000290357112
Industry_Sector,0.018066389424303834,gain,1.0000000290357112
Investor_Equity_Total,0.016782086252335685,gain,1.0000000290357112
Round_Equity_Total,0.0161329507692351,gain,1.0000000290357112
