colname,gain,importance-type,loss
Investor_Equity_Total,3.1957735585983573,gain,1.0734317345425706
Round,2.360614965152274,gain,1.0734317345425706
Company_Status,1.4358314160307688,gain,1.0734317345425706
Share_Ratio,1.0930650935271218,gain,1.0734317345425706
years,0.913765704312727,gain,1.0734317345425706
Duration,0.42527229388163085,gain,1.0734317345425706
Location,0.33744360683999997,gain,1.0734317345425706
Age,0.28720049175972967,gain,1.0734317345425706
Industry_Sector,0.1868908801204517,gain,1.0734317345425706
