colname,gain,importance-type,precision
Round,0.7901589440215845,gain,1.000000013628285
Duration,0.17494801043660427,gain,1.000000013628285
Age,0.12165921348061115,gain,1.000000013628285
years,0.08424958307888888,gain,1.000000013628285
Industry_Sector,0.0786742215270231,gain,1.000000013628285
Investor_Equity_Total,0.0683099259877645,gain,1.000000013628285
Share_Ratio,0.05684627039353331,gain,1.000000013628285
Location,0.050442503453888884,gain,1.000000013628285
Round_Equity_Total,0.04041904201573017,gain,1.000000013628285
