colname,gain,importance-type,loss
Round,0.7913536062308623,gain,0.09789915474437356
Duration,0.19326363716846545,gain,0.09789915474437356
years,0.1305847443625954,gain,0.09789915474437356
Industry_Sector,0.0827937541606625,gain,0.09789915474437356
Age,0.07004209864419352,gain,0.09789915474437356
Investor_Equity_Total,0.06481265053136448,gain,0.09789915474437356
Share_Ratio,0.03678711983439324,gain,0.09789915474437356
Location,0.015074306183714288,gain,0.09789915474437356
