colname,gain,importance-type,precision
Round_Equity_Total,1.3367711594134148,gain,0.9945541184479237
years,0.7782646360478302,gain,0.9945541184479237
Investor_Equity_Total,0.7268540513351969,gain,0.9945541184479237
Round,0.6081089951707963,gain,0.9945541184479237
Location,0.6048155265555554,gain,0.9945541184479237
Duration,0.5924775069930848,gain,0.9945541184479237
Industry_Sector,0.5253143588337212,gain,0.9945541184479237
Share_Ratio,0.49540208986142825,gain,0.9945541184479237
Age,0.4359873877151297,gain,0.9945541184479237
