colname,gain,importance-type,precision
Round,1.5465584487782256,gain,1.0000000150047677
years,0.7884516299417857,gain,1.0000000150047677
Duration,0.7694741312939172,gain,1.0000000150047677
Age,0.3837007104056487,gain,1.0000000150047677
Round_Equity_Total,0.2660788960825227,gain,1.0000000150047677
Industry_Sector,0.19381541113241182,gain,1.0000000150047677
Share_Ratio,0.16166788951390246,gain,1.0000000150047677
Investor_Equity_Total,0.13598241819505552,gain,1.0000000150047677
Location,0.0073971461500000005,gain,1.0000000150047677
