colname,gain,importance-type,precision
years,2.355313655386047,gain,0.999999972235557
Round,1.339674093929534,gain,0.999999972235557
Duration,0.7469470731665279,gain,0.999999972235557
Age,0.5631533673612905,gain,0.999999972235557
Share_Ratio,0.23968762986854178,gain,0.999999972235557
Round_Equity_Total,0.18916106999417653,gain,0.999999972235557
Investor_Equity_Total,0.18497304571233333,gain,0.999999972235557
Industry_Sector,0.15004303317281342,gain,0.999999972235557
Location,0.0144109884,gain,0.999999972235557
