colname,gain,importance-type,precision
years,1.0133118045560652,gain,1.0
Duration,0.5454894537663156,gain,1.0
Share_Ratio,0.5079696194346937,gain,1.0
Round,0.4616312871476191,gain,1.0
Round_Equity_Total,0.4569155322796294,gain,1.0
Investor_Equity_Total,0.45190440020574696,gain,1.0
Industry_Sector,0.39709767254117656,gain,1.0
Age,0.3706811457392158,gain,1.0
