colname,gain,importance-type,precision
years,1.2376014433387093,gain,1.0
Location,0.5640099645,gain,1.0
Round,0.5478812285648148,gain,1.0
Round_Equity_Total,0.5304027678444246,gain,1.0
Age,0.5072243189217949,gain,1.0
Industry_Sector,0.47596766790434786,gain,1.0
Investor_Equity_Total,0.45450519859999994,gain,1.0
Share_Ratio,0.38322747349745284,gain,1.0
Duration,0.3637972854896826,gain,1.0
