colname,gain,importance-type,precision
Round,1.4380654758902929,gain,0.9999999726415276
years,0.6269274968720931,gain,0.9999999726415276
Duration,0.5528709444961049,gain,0.9999999726415276
Age,0.2612250469009091,gain,0.9999999726415276
Investor_Equity_Total,0.19616286362580249,gain,0.9999999726415276
Location,0.1463727551808333,gain,0.9999999726415276
Industry_Sector,0.139471314967381,gain,0.9999999726415276
Share_Ratio,0.09781514261963488,gain,0.9999999726415276
