colname,gain,importance-type,precision
years,0.8317521865842109,gain,0.9971223021582734
Round,0.6787274517904761,gain,0.9971223021582734
Location,0.6128289514083334,gain,0.9971223021582734
Share_Ratio,0.5690100144591304,gain,0.9971223021582734
Duration,0.5380014521869048,gain,0.9971223021582734
Round_Equity_Total,0.49025489344519996,gain,0.9971223021582734
Investor_Equity_Total,0.4817925949352272,gain,0.9971223021582734
Age,0.38235694346081156,gain,0.9971223021582734
Industry_Sector,0.3817625664107142,gain,0.9971223021582734
