colname,gain,importance-type,precision
Round,0.8919209474041182,gain,0.9961300309597523
Investor_Equity_Total,0.8119993946033497,gain,0.9961300309597523
Location,0.7053432672214283,gain,0.9961300309597523
Share_Ratio,0.6219876175821888,gain,0.9961300309597523
years,0.6014674165740911,gain,0.9961300309597523
Industry_Sector,0.5915108002822581,gain,0.9961300309597523
Duration,0.5666550004784,gain,0.9961300309597523
Age,0.44049276933343,gain,0.9961300309597523
